{
  "openapi": "3.0.0",
  "info": {
    "title": "Employee API",
    "description": "This is a Sample API documentation for employee management by Neha Syed.",
    "version": "0.1.9"
  },
  "servers": [
    {
      "url": "http://localhost:{port}/",
      "variables": {
        "port": {
          "enum": [
            "3000",
            "4000"
          ],
          "default": "3000"
        }
      }
    }
  ],
  "paths": {
    "/createEmployee": {
      "post": {
        "tags": [
          "employees"
        ],
        "summary": "Add a new employee.",
        "description": "",
        "requestBody": {
          "description": "Data to be inserted.",
          "required": true,
          "content": {
            "application/json": {
              "schema": {
                "$ref": "#/components/schemas/Employee"
              }
            },
            "application/xml": {
              "schema": {
                "$ref": "#/components/schemas/Employee"
              }
            }
          }
        },
        "responses": {
          "201": {
            "description": "Employee created Successfully"
          },
          "400": {
            "description": "Bad request."
          }
        }
      }
    },
    "/getAllEmployees": {
      "get": {
        "summary": "It retrieves all the employee details",
        "tags": [
          "employees"
        ],
        "responses": {
          "200": {
            "description": "Retreived data successfully",
            "content": {
              "application/json": {
                "schema": {
                  "type": "array",
                  "items": {
                    "$ref": "#/components/schemas/Employee"
                  }
                }
              },
              "application/xml": {
                "schema": {
                  "type": "array",
                  "items": {
                    "$ref": "#/components/schemas/Employee"
                  }
                }
              }
            }
          },
          "404": {
            "description": "employees not found",
            "$ref": "#/components/responses/NotFound"
          }
        },
        "security": [
          {
            "bearerAuth": []
          }
        ]
      }
    },
    "/getEmployeeBYId/{empid}": {
      "get": {
        "tags": [
          "employees"
        ],
        "summary": "It retreives a specific employee details",
        "parameters": [
          {
            "in": "path",
            "name": "empid",
            "schema": {
              "type": "integer",
              "example": 2
            },
            "required": true,
            "description": "Numeric ID of the Employee to get"
          }
        ],
        "responses": {
          "200": {
            "description": "succesfully",
            "content": {
              "application/json": {
                "schema": {
                  "$ref": "#/components/schemas/Employee"
                }
              },
              "application/xml": {
                "schema": {
                  "$ref": "#/components/schemas/Employee"
                }
              }
            }
          },
          "404": {
            "$ref": "#/components/responses/NotFound",
            "description": "Employee with given ID not found"
          }
        },
        "security": [
          {
            "bearerAuth": []
          }
        ]
      }
    },
    "/updateEmployee": {
      "patch": {
        "tags": [
          "employees"
        ],
        "summary": "to update an employee of a given id",
        "requestBody": {
          "description": "data to be updated.",
          "required": true,
          "content": {
            "application/json": {
              "schema": {
                "$ref": "#/components/schemas/Employee"
              }
            },
            "application/xml": {
              "schema": {
                "$ref": "#/components/schemas/Employee"
              }
            }
          }
        },
        "responses": {
          "200": {
            "description": "Employee details updated successfully"
          },
          "404": {
            "$ref": "#/components/responses/NotFound",
            "description": "Employee with given id not found."
          }
        },
        "security": [
          {
            "bearerAuth": []
          }
        ]
      }
    },
    "/deleteEmployee/{id}": {
      "delete": {
        "tags": [
          "employees"
        ],
        "summary": "To delete an Employee",
        "parameters": [
          {
            "in": "path",
            "name": "id",
            "schema": {
              "type": "integer"
            },
            "required": true,
            "description": "Numeric Id of the employee to be deleted."
          }
        ],
        "responses": {
          "200": {
            "description": "Employee deleted successfully."
          },
          "404": {
            "description": "Employee with given id not found.",
            "$ref": "#/components/responses/NotFound"
          }
        },
        "security": [
          {
            "bearerAuth": []
          }
        ]
      }
    },
    "/login": {
      "post": {
        "summary": "to login a employee",
        "tags": [
          "employees"
        ],
        "requestBody": {
          "description": "data to be updated.",
          "required": true,
          "content": {
            "application/json": {
              "schema": {
                "type": "object",
                "properties": {
                  "email": {
                    "type": "string",
                    "example": "kousar@gmail.com"
                  },
                  "password": {
                    "type": "string",
                    "format": "password",
                    "minLength": 8,
                    "maxLength": 15,
                    "example": "kou345"
                  }
                }
              }
            }
          }
        },
        "responses": {
          "201": {
            "description": "Create a new token for gaining authenticated access to resources",
            "content": {
              "application/json": {
                "schema": {
                  "type": "object",
                  "properties": {
                    "token": {
                      "type": "string"
                    }
                  }
                }
              }
            }
          },
          "401": {
            "description": "invalid Username or password",
            "$ref": "#/components/responses/Unauthorized"
          }
        }
      }
    }
  },
  "components": {
    "schemas": {
      "Employee": {
        "type": "object",
        "required": [
          "firstname",
          "lastname",
          "email",
          "password",
          "date_of_birth",
          "address",
          "phone_no"
        ],
        "properties": {
          "id": {
            "type": "integer",
            "format": "int64"
          },
          "firstname": {
            "type": "string"
          },
          "lastname": {
            "type": "string"
          },
          "email": {
            "type": "string"
          },
          "password": {
            "type": "string",
            "format": "password",
            "minLength": 8,
            "maxLength": 15
          },
          "date_of_birth": {
            "type": "string",
            "format": "date"
          },
          "address": {
            "type": "string"
          },
          "phone_no": {
            "type": "integer",
            "format": "int64"
          }
        }
      },
      "Error": {
        "type": "object",
        "properties": {
          "code": {
            "type": "string"
          },
          "message": {
            "type": "string"
          }
        },
        "required": [
          "code",
          "message"
        ]
      }
    },
    "securitySchemes": {
      "bearerAuth": {
        "type": "http",
        "scheme": "bearer",
        "bearerFormat": "JWT"
      }
    },
    "responses": {
      "NotFound": {
        "description": "The specified resource was not found",
        "content": {
          "application/json": {
            "schema": {
              "$ref": "#/components/schemas/Error"
            }
          }
        }
      },
      "Unauthorized": {
        "description": "Unauthorized",
        "content": {
          "application/json": {
            "schema": {
              "$ref": "#/components/schemas/Error"
            }
          }
        }
      }
    }
  }
}